"question_id","question","answer","patched_code_intent","patched_functional_requirements","patched_scot","buggy_code","patched_code","stdout","judge_patched_code_label","judge_patched_code_rational","requirements","stderr","error","exec_iteration","review_iteration","exit_code","generation_token_usage","review_token_usage","generation_duration","evaluation_duration","timestamp"
"20076195","What is the most efficient way of counting occurrences in pandas?
<p>I have a large (about 12M rows) DataFrame <code>df</code>:</p>
<pre><code>df.columns = ['word','documents','frequency']
</code></pre>
<p>The following ran in a timely fashion:</p>
<pre><code>word_grouping = df[['word','frequency']].groupby('word')
MaxFrequency_perWord = word_grouping[['frequency']].max().reset_index()
MaxFrequency_perWord.columns = ['word','MaxFrequency']
</code></pre>
<p>However, this is taking an unexpectedly long time to run:</p>
<pre><code>Occurrences_of_Words = word_grouping[['word']].count().reset_index()
</code></pre>
<p>What am I doing wrong here?  Is there a better way to count occurrences in a large DataFrame?</p>
<pre><code>df.word.describe()
</code></pre>
<p>ran pretty well, so I really did not expect this <code>Occurrences_of_Words</code> DataFrame to take very long to build.</p>
","<p>I think <code>df['word'].value_counts()</code> should serve. By skipping the groupby machinery, you'll save some time. I'm not sure why <code>count</code> should be much slower than <code>max</code>. Both take some time to avoid missing values. (Compare with <code>size</code>.)</p>

<p>In any case, value_counts has been <a href=""https://github.com/pydata/pandas/commit/d1a1fa27e520c0d196981df58edb1bd5d3cc3161"">specifically optimized</a> to handle object type, like your words, so I doubt you'll do much better than that.</p>
","Count the occurrences of each unique word in a DataFrame column efficiently using value_counts() instead of groupby operations to avoid performance issues with large datasets.","{
  ""functional_requirements"": {
    ""input_output"": ""Input is a DataFrame with a 'word' column containing string values. Output is a Series with word values as index and their occurrence counts as values."",
    ""expected_behavior"": ""The code uses value_counts() method on the 'word' column to count occurrences of each unique word. This method bypasses the groupby machinery and is specifically optimized for object types like strings, providing better performance than using groupby with count()."",
    ""edge_cases"": ""The value_counts() method automatically handles missing values and is optimized for object data types. It provides better performance compared to groupby operations for simple counting tasks on large DataFrames.""
  }
}","{
  ""patched_scot"": ""Input/Output signature: Input is a DataFrame with columns 'word', 'documents', and 'frequency'. Output is a Series containing counts of each unique word.\n1. Create a DataFrame with columns 'word', 'documents', and 'frequency' containing approximately 12M rows.\n2. Use the value_counts() method directly on the 'word' column to count occurrences of each unique word.\n3. Return a Series with word values as the index and their corresponding counts as values.""
}","import pandas as pd
import numpy as np
import time

# Step 1: Create a mock DataFrame to simulate the large dataset
np.random.seed(42)
words = ['apple', 'banana', 'cherry', 'date', 'elderberry'] * 240000  # 1.2M rows for faster execution
documents = np.random.randint(1, 1000, 1200000)
frequency = np.random.randint(1, 100, 1200000)

df = pd.DataFrame({
    'word': words,
    'documents': documents,
    'frequency': frequency
})

print(f""DataFrame shape: {df.shape}"")
print(f""DataFrame columns: {df.columns.tolist()}"")

# Step 2: Create groupby object - this runs efficiently
word_grouping = df[['word','frequency']].groupby('word')

# Step 3: Calculate maximum frequency per word - this runs fast
start_time = time.time()
MaxFrequency_perWord = word_grouping[['frequency']].max().reset_index()
MaxFrequency_perWord.columns = ['word','MaxFrequency']
max_time = time.time() - start_time
print(f""Max frequency calculation took: {max_time:.4f} seconds"")
print(""MaxFrequency_perWord shape:"", MaxFrequency_perWord.shape)

# Step 4: Count occurrences using the inefficient approach
# Bug: Using count() on grouped data when size() or value_counts() would be more efficient
start_time = time.time()
Occurrences_of_Words = word_grouping[['frequency']].count().reset_index()
Occurrences_of_Words.columns = ['word', 'count']
count_time = time.time() - start_time
print(f""Count operation took: {count_time:.4f} seconds"")
print(""Occurrences_of_Words shape:"", Occurrences_of_Words.shape)
print(""Occurrences_of_Words head:"")
print(Occurrences_of_Words.head())

# Step 5: Show the performance difference - demonstrating the inefficiency
print(f""\nPerformance comparison:"")
print(f""Max operation: {max_time:.4f} seconds"")
print(f""Count operation: {count_time:.4f} seconds"")
if max_time > 0:
    print(f""Count is {count_time/max_time:.1f}x slower than max"")
else:
    print(""Count operation was slower"")

# Demonstrate the bug: This approach is inefficient compared to alternatives
print(""\n# Bug demonstration: Using groupby().count() is inefficient"")
print(""# More efficient alternatives would be:"")
print(""# - df['word'].value_counts()"")
print(""# - df.groupby('word').size()"")

# Show that the inefficient method still produces correct results, just slowly
print(f""\nTotal unique words: {len(Occurrences_of_Words)}"")
print(f""Sample word counts: {Occurrences_of_Words.head(3).to_dict('records')}"")","import pandas as pd
import numpy as np
import time

# Step 1: Create a mock DataFrame to simulate the large dataset
np.random.seed(42)
words = ['apple', 'banana', 'cherry', 'date', 'elderberry'] * 240000  # 1.2M rows for faster execution
documents = np.random.randint(1, 1000, 1200000)
frequency = np.random.randint(1, 100, 1200000)

df = pd.DataFrame({
    'word': words,
    'documents': documents,
    'frequency': frequency
})

print(f""DataFrame shape: {df.shape}"")
print(f""DataFrame columns: {df.columns.tolist()}"")

# Step 2: Create groupby object - this runs efficiently
word_grouping = df[['word','frequency']].groupby('word')

# Step 3: Calculate maximum frequency per word - this runs fast
start_time = time.time()
MaxFrequency_perWord = word_grouping[['frequency']].max().reset_index()
MaxFrequency_perWord.columns = ['word','MaxFrequency']
max_time = time.time() - start_time
print(f""Max frequency calculation took: {max_time:.4f} seconds"")
print(""MaxFrequency_perWord shape:"", MaxFrequency_perWord.shape)

# Step 4: Count occurrences using the efficient approach
# FIXED: Using value_counts() instead of groupby().count() for better performance
start_time = time.time()
Occurrences_of_Words = df['word'].value_counts().reset_index()
Occurrences_of_Words.columns = ['word', 'count']
count_time = time.time() - start_time
print(f""Count operation took: {count_time:.4f} seconds"")
print(""Occurrences_of_Words shape:"", Occurrences_of_Words.shape)
print(""Occurrences_of_Words head:"")
print(Occurrences_of_Words.head())

# Step 5: Show the performance improvement
print(f""\nPerformance comparison:"")
print(f""Max operation: {max_time:.4f} seconds"")
print(f""Count operation: {count_time:.4f} seconds"")
if max_time > 0:
    print(f""Count is {count_time/max_time:.1f}x relative to max"")
else:
    print(""Count operation completed efficiently"")

# Demonstrate the fix: Using value_counts() is more efficient
print(""\n# Fix applied: Using value_counts() for efficient counting"")
print(""# This method is optimized for object types like strings"")
print(""# and avoids the overhead of groupby operations"")

# Show that the efficient method produces correct results quickly
print(f""\nTotal unique words: {len(Occurrences_of_Words)}"")
print(f""Sample word counts: {Occurrences_of_Words.head(3).to_dict('records')}"")","DataFrame shape: (1200000, 3)
DataFrame columns: ['word', 'documents', 'frequency']
Max frequency calculation took: 0.0184 seconds
MaxFrequency_perWord shape: (5, 2)
Count operation took: 0.0167 seconds
Occurrences_of_Words shape: (5, 2)
Occurrences_of_Words head:
         word   count
0       apple  240000
1      banana  240000
2      cherry  240000
3        date  240000
4  elderberry  240000

Performance comparison:
Max operation: 0.0184 seconds
Count operation: 0.0167 seconds
Count is 0.9x relative to max

# Fix applied: Using value_counts() for efficient counting
# This method is optimized for object types like strings
# and avoids the overhead of groupby operations

Total unique words: 5
Sample word counts: [{'word': 'apple', 'count': 240000}, {'word': 'banana', 'count': 240000}, {'word': 'cherry', 'count': 240000}]
","Correct","The generated code accurately implements the fix described in the accepted answer. The original problem was that using `groupby().count()` was inefficient for counting occurrences of words in a large DataFrame. The accepted answer suggests using `df['word'].value_counts()` as a more efficient alternative.

The provided code:
1. Creates a mock DataFrame to simulate a large dataset, which is appropriate for testing performance.
2. Uses `value_counts()` to count occurrences of words, as recommended in the accepted answer, and measures the time taken for this operation.
3. Compares the performance of the `value_counts()` method with the `groupby().max()` operation, demonstrating the efficiency of the fix.
4. Prints the results and confirms that the `value_counts()` method is optimized for object types like strings, aligning with the explanation in the accepted answer.

Overall, the code fully implements the suggested fix and demonstrates its efficiency, matching the solution provided in the accepted answer.","pandas==2.0.3
numpy==1.24.4","","","0","1","0","{
  ""input_tokens"": 6131,
  ""output_tokens"": 837,
  ""total_tokens"": 6968
}","{
  ""input_tokens"": 6210,
  ""output_tokens"": 217,
  ""total_tokens"": 6427
}","9.2","5.62","2025-07-21T17:02:10.933748"
